[1,["ecpdLyjvZBwrvm+cedCcQy","5dnt9kDUxBPbncqa2YP/wH","51+JCdib1GPZDz81Bfb7Kc","7a/QZLET9IDreTiBfRn2PD","5aWyXG5QFA5JMq6dWqqoxU","e2EvPn9dZE16TBx1tUpV3+","19N9per1lPTb1SnFHpezzP","fejjwLJVtCrqor+fwyIxLx","a07MvOpNhDDJVNVeetAr7k","62H6vw1p9KJbPTwXupvbTO"],["node","_textureSetter","_spriteFrame","scene","_parent","_N$skeletonData"],["cc.Texture2D",["cc.Node",["_name","_id","_components","_contentSize","_parent","_children","_trs"],1,9,5,1,2,7],"cc.SpriteFrame",["cc.Sprite",["_sizeMode","_type","node","_materials","_spriteFrame"],1,1,3,6],["cc.Widget",["_alignFlags","_top","_bottom","_originalWidth","_originalHeight","node"],-2,1],["sp.SkeletonData",["_name","_atlasText","textureNames","_skeletonJson","textures"],-1,3],["cc.SceneAsset",["_name","asyncLoadAssets"],1],["cc.Node",["_name","_parent","_components","_contentSize","_trs"],2,1,2,5,7],["cc.Canvas",["node","_designResolution"],3,1,5],["cc.Scene",["_name","_children","_anchorPoint","_trs"],2,2,5,7],["cc.Camera",["_clearFlags","_depth","node"],1,1],["sp.Skeleton",["defaultSkin","defaultAnimation","_preCacheMode","_animationName","node","_materials","_N$skeletonData"],-1,1,3,6],["cc.Label",["_string","_N$verticalAlign","node","_materials"],1,1,3],["89e3bULnINAO5LStk1zefH7",["node","loadingSprite","loadingLabel"],3,1,1,1]],[[1,0,4,2,3,6,2],[7,0,1,2,3,4,2],[5,0,1,2,3,4,5],[6,0,1,3],[1,0,1,5,2,3,6,3],[1,0,4,5,2,3,2],[1,0,1,4,2,3],[8,0,1,1],[4,0,5,2],[4,0,1,2,3,4,5,6],[3,0,2,3,4,2],[3,2,3,4,1],[3,1,2,3,2],[9,0,1,2,3,2],[10,0,1,2,3],[11,0,1,2,3,4,5,6,5],[12,0,1,2,3,3],[13,0,1,2,1]],[[[{"name":"Loading_frame","rect":[0,0,541,23],"offset":[0,0],"originalSize":[541,23],"capInsets":[0,0,0,0]}],[2],0,[0],[1],[1]],[["0,9729,9729,33071,33071,0,0,1",-1],[0],0,[],[],[]],[[[2,"miniloading","\nminiloading.png\nsize: 501, 849\nformat: RGBA8888\nfilter: Linear, Linear\nrepeat: none\n2\n  rotate: false\n  xy: 255, 1\n  size: 245, 275\n  orig: 245, 275\n  offset: 0, 0\n  index: -1\n4\n  rotate: false\n  xy: 1, 4\n  size: 253, 272\n  orig: 253, 272\n  offset: 0, 0\n  index: -1\nH\n  rotate: false\n  xy: 1, 277\n  size: 315, 284\n  orig: 315, 284\n  offset: 0, 0\n  index: -1\ncham\n  rotate: false\n  xy: 317, 381\n  size: 75, 73\n  orig: 75, 73\n  offset: 0, 0\n  index: -1\nk\n  rotate: false\n  xy: 1, 562\n  size: 349, 286\n  orig: 349, 286\n  offset: 0, 0\n  index: -1\nloading\n  rotate: true\n  xy: 351, 455\n  size: 393, 127\n  orig: 393, 127\n  offset: 0, 0\n  index: -1\n",["miniloading.png"],{"skeleton":{"hash":"watqkfKO22U","spine":"3.8-from-4.0-from-4.1.24","x":61,"y":-522.22,"width":1039,"height":454.22,"images":"./images/","audio":"D:/SOI69/loading/miniloading"},"bones":[{"name":"root"},{"name":"tong","parent":"root","x":629.41,"y":-366.78},{"name":"k","parent":"tong","x":-393.91,"y":106.78},{"name":"H","parent":"tong","x":-130.91,"y":126.78},{"name":"2","parent":"tong","x":114.09,"y":143.28},{"name":"4","parent":"tong","x":344.09,"y":162.78},{"name":"cham","parent":"root","x":733.7,"y":-534.32,"scaleX":1.1919,"scaleY":1.1919},{"name":"cham2","parent":"cham","x":34.35,"y":51.66},{"name":"cham3","parent":"cham","x":66.19,"y":51.66},{"name":"cham4","parent":"cham","x":98.96,"y":51.66}],"slots":[{"name":"k","bone":"k","attachment":"k"},{"name":"H","bone":"H","attachment":"H"},{"name":"2","bone":"2","attachment":"2"},{"name":"4","bone":"4","attachment":"4"},{"name":"loading","bone":"cham","attachment":"loading"},{"name":"cham","bone":"cham2","attachment":"cham"},{"name":"cham2","bone":"cham3","attachment":"cham"},{"name":"cham3","bone":"cham4","attachment":"cham"}],"skins":[{"name":"default","attachments":{"2":{"2":{"width":245,"height":275}},"4":{"4":{"width":253,"height":272}},"cham":{"cham":{"width":75,"height":73}},"cham2":{"cham":{"width":75,"height":73}},"cham3":{"cham":{"width":75,"height":73}},"H":{"H":{"width":315,"height":284}},"k":{"k":{"width":349,"height":286}},"loading":{"loading":{"x":-153.65,"y":73.66,"width":393,"height":127}}}}],"animations":{"animation":{"slots":{"2":{"color":[{"color":"ffffff00","curve":"stepped"},{"time":0.1333,"color":"ffffff00"},{"time":0.6,"color":"ffffffff"}]},"4":{"color":[{"color":"ffffff00","curve":"stepped"},{"time":0.2,"color":"ffffff00"},{"time":0.6667,"color":"ffffffff"}]},"cham":{"color":[{"color":"ffffff00"},{"time":0.1667,"color":"ffffffff"}]},"cham2":{"color":[{"color":"ffffff00","curve":"stepped"},{"time":0.1667,"color":"ffffff00"},{"time":0.3333,"color":"ffffffff"}]},"cham3":{"color":[{"color":"ffffff00","curve":"stepped"},{"time":0.3,"color":"ffffff00"},{"time":0.4667,"color":"ffffffff"}]},"H":{"color":[{"color":"ffffff00","curve":"stepped"},{"time":0.0667,"color":"ffffff00"},{"time":0.5333,"color":"ffffffff"}]},"k":{"color":[{"color":"ffffff00"},{"time":0.4667,"color":"ffffffff","curve":"stepped"},{"time":1,"color":"ffffffff"}]}},"bones":{"2":{"rotate":[{"angle":16.25,"curve":"stepped"},{"time":0.1333,"angle":16.25},{"time":0.6,"curve":"stepped"},{"time":1}],"translate":[{"x":-70.03,"curve":"stepped"},{"time":0.1333,"x":-70.03},{"time":0.6,"curve":"stepped"},{"time":1}],"scale":[{"x":0.682,"y":0.682,"curve":"stepped"},{"time":0.1333,"x":0.682,"y":0.682},{"time":0.6,"curve":"stepped"},{"time":1}]},"4":{"rotate":[{"angle":16.25,"curve":"stepped"},{"time":0.2,"angle":16.25},{"time":0.6667,"curve":"stepped"},{"time":1}],"translate":[{"x":-70.03,"curve":"stepped"},{"time":0.2,"x":-70.03},{"time":0.6667,"curve":"stepped"},{"time":1}],"scale":[{"x":0.682,"y":0.682,"curve":"stepped"},{"time":0.2,"x":0.682,"y":0.682},{"time":0.6667,"curve":"stepped"},{"time":1}]},"k":{"rotate":[{"angle":16.25},{"time":0.4667,"curve":"stepped"},{"time":1}],"translate":[{"x":-70.03},{"time":0.4667,"curve":"stepped"},{"time":1}],"scale":[{"x":0.682,"y":0.682},{"time":0.4667,"curve":"stepped"},{"time":1}]},"H":{"rotate":[{"angle":16.25,"curve":"stepped"},{"time":0.0667,"angle":16.25},{"time":0.5333,"curve":"stepped"},{"time":1}],"translate":[{"x":-70.03,"curve":"stepped"},{"time":0.0667,"x":-70.03},{"time":0.5333,"curve":"stepped"},{"time":1}],"scale":[{"x":0.682,"y":0.682,"curve":"stepped"},{"time":0.0667,"x":0.682,"y":0.682},{"time":0.5333,"curve":"stepped"},{"time":1}]}}}}},[0]]],0,0,[0],[-1],[2]],[["0,9729,9729,33071,33071,0,0,1",-1],[0],0,[],[],[]],[["0,9729,9729,33071,33071,0,0,1",-1],[0],0,[],[],[]],[[[3,"LoadScene",null],[4,"Canvas","a5esZu+45LA5mBpvttspPD",[-3,-4,-5,-6,-7],[[7,-1,[5,1280,720]],[8,45,-2]],[5,1280,720],[640,360,0,0,0,0,1,1,1,1]],[5,"BG",1,[-10],[[10,0,-8,[2],3],[9,45,57.5,57.5,1280,720,-9]],[5,1280,605]],[13,"New Node",[1,-11],[0,0,0],[0,0,0,0,0,0,1,1,1,1]],[0,"Main Camera",1,[[14,7,-1,-12]],[5,960,640],[0,0,502.2890797603765,0,0,0,1,1,1,1]],[0,"miniloading",2,[[15,"default","animation",0,"animation",-13,[0],1]],[5,1039,454.22],[-330,200,0,0,0,0,1,0.6,0.6,1]],[0,"Loading_frame",1,[[11,-14,[4],5]],[5,541,23],[0,-226.046,0,0,0,0,1,1,1,1]],[1,"blue bar",1,[-15],[5,541,23],[0,-225.882,0,0,0,0,1,1,1,1]],[12,3,7,[6]],[1,"label loading",1,[-16],[5,97.87,50.4],[0,-270,0,0,0,0,1,1,1,1]],[16,"Label",1,9,[7]],[6,"LoadGameController","e9e/uY8j9H1ahk4+HzS1vY",3,[[17,-17,8,10]]]],0,[0,0,1,0,0,1,0,-1,4,0,-2,2,0,-3,6,0,-4,7,0,-5,9,0,0,2,0,0,2,0,-1,5,0,-2,11,0,0,4,0,0,5,0,0,6,0,-1,8,0,-1,10,0,0,11,0,3,3,1,4,3,17],[0,0,0,0,0,0,0,0,8],[-1,5,-1,2,-1,2,-1,-1,2],[3,4,0,5,0,6,0,0,7]],[["0,9729,9729,33071,33071,0,0,1",-1],[0],0,[],[],[]],[[{"name":"BG","rect":[0,0,1561,732],"offset":[0,0],"originalSize":[1561,732],"capInsets":[0,0,0,0]}],[2],0,[0],[1],[8]],[[{"name":"loading_bar","rect":[0,0,541,23],"offset":[0,0],"originalSize":[541,23],"capInsets":[0,0,0,0]}],[2],0,[0],[1],[9]]]]